PRAGMA foreign_keys=OFF;
BEGIN TRANSACTION;
CREATE TABLE schema_info (
    key     TEXT PRIMARY KEY,
    value   TEXT NOT NULL
);
INSERT INTO schema_info VALUES('version','1');
CREATE TABLE projects (
    id              TEXT PRIMARY KEY,
    name            TEXT NOT NULL,
    type            TEXT,
    portfolio       TEXT,
    sponsor         TEXT,
    health          TEXT,
    pct_complete    REAL DEFAULT 0.0,
    priority        TEXT,
    start_date      TEXT,
    end_date        TEXT,
    actual_end      TEXT,
    team            TEXT,
    pm              TEXT,
    ba              TEXT,
    functional_lead TEXT,
    technical_lead  TEXT,
    developer_lead  TEXT,
    tshirt_size     TEXT,
    est_hours       REAL DEFAULT 0.0,
    notes           TEXT,
    sort_order      INTEGER,
    created_at      TEXT DEFAULT (datetime('now')),
    updated_at      TEXT DEFAULT (datetime('now'))
);
INSERT INTO projects VALUES('ETE-83','Customer Master Data Cleanup','Key Initiative','Sales & Distribution','Tom Vierling','NEEDS TECHNICAL SPEC',0.4000000000000000222,'High','2025-10-14','2026-06-01',NULL,'Systems Applications','Emily Fridley','Audrey Debaere',NULL,NULL,'Alex Young','XXL: > 640 Hours',1480.0,'Completed Q1',1,'2026-04-02 03:35:22','2026-04-02 15:19:42');
INSERT INTO projects VALUES('ETE-48','System Connection Syteline-VKS','Key Initiative','Engineering','Ray Trumble','NOT STARTED',0.1000000000000000055,'High','2026-02-15','2026-06-30',NULL,'Synnergie','Emily Fridley','Jim Young','Ajay Kumar','Sangamesh Koti','Alex Young','L: 160-320 Hours',240.0,NULL,1,'2026-04-02 03:35:22','2026-04-02 15:40:39');
INSERT INTO projects VALUES('ETE-68','Catalog API Rust2Python','Key Initiative','Information Technology','Jim Koscielniak','🟢 ON TRACK',0.5,'High','2025-11-17','2026-04-24',NULL,'Systems Applications','Emily Fridley','Audrey Debaere',NULL,NULL,'Colin Olson','XXL: > 640 Hours',640.0,NULL,1,'2026-04-02 03:35:22','2026-04-02T07:28:54.815415');
INSERT INTO projects VALUES('ETE-43','Data Security - Microsoft Purview','Key Initiative','Information Technology','Jim Koscielniak','🟢 ON TRACK',0.0,'High','2026-02-02','2026-06-30',NULL,'Infrastructure','Emily Fridley','Audrey Debaere','Deepak Gudwani','Sarath Yeturu','Alex Young',NULL,320.0,NULL,1,'2026-04-02 03:35:22','2026-04-02 03:35:22');
INSERT INTO projects VALUES('ETE-19','Changes to AR Aging Report','Enhancement','Finance','Tom Newell','NEEDS TECHNICAL SPEC',0.05000000000000000277,'High','2026-02-23','2026-04-17',NULL,'Synnergie','Emily Fridley','Audrey Debaere','Ajay Kumar','Bhavya Reddy','Alex Young','M: 80-160 Hours',120.0,NULL,1,'2026-04-02 03:35:22','2026-04-03 19:53:49');
INSERT INTO projects VALUES('ETE-49','Marketing: STE Rewards Tier','Enhancement','Sales & Distribution','Tom Vierling','NEEDS TECHNICAL SPEC',0.0,'Medium','2026-04-01','2026-09-16',NULL,'Systems Applications','Emily Fridley','Audrey Debaere','Ajay Kumar','Sarath Yeturu','Alex Young','L: 160-320 Hours',240.0,NULL,1,'2026-04-02 03:35:22','2026-04-03 19:53:49');
INSERT INTO projects VALUES('ETE-7','Outsourced Unit Core Accounting','Enhancement','Finance','Tom Newell','NOT STARTED',0.0,'Medium','2026-04-01','2026-05-20',NULL,'Synnergie','Emily Fridley','Audrey Debaere','Ajay Kumar','Bhavya Reddy','Alex Young','XXL: > 640 Hours',640.0,'8-9 month project',1,'2026-04-02 03:35:22','2026-04-02 15:40:39');
INSERT INTO projects VALUES('ETE-52','SWIMS/Syteline Reporting','Enhancement','Supply Chain','Jon Besherse','NOT STARTED',0.0,'Medium','2026-04-01','2026-04-29',NULL,'Systems Applications','Emily Fridley','Audrey Debaere','Ajay Kumar','Bhavya Reddy','Alex Young','S: < 80 Hours',40.0,NULL,1,'2026-04-02 03:35:22','2026-04-03 19:53:49');
INSERT INTO projects VALUES('ETE-16','Partial Pay w/ CC from WMERP','Enhancement','Finance','Tom Newell','⚪ NOT STARTED',0.0,'Medium','2026-04-01','2026-06-24',NULL,'Synnergie','Emily Fridley','Audrey Debaere','Deepak Gudwani','Ravindra Reddy','Alex Young','M: 80-160 Hours',120.0,NULL,1,'2026-04-02 03:35:22','2026-04-02 03:35:22');
INSERT INTO projects VALUES('ETE-37','Magic Search in BuyETE','Enhancement','Sales & Distribution','Tom Vierling','NEEDS TECHNICAL SPEC',0.0,'Highest','2026-04-01','2026-06-17',NULL,'Systems Applications','Emily Fridley','Audrey Debaere','Ajay Kumar','Sarath Yeturu','Alex Young','S: < 80 Hours',40.0,NULL,1,'2026-04-02 03:35:22','2026-04-03 19:53:49');
INSERT INTO projects VALUES('ETE-97','Standard Order Process Notifications','Enhancement','Sales & Distribution','Tom Vierling','NOT STARTED',0.0,'Highest','2026-04-01','2026-06-17',NULL,'Systems Applications','Emily Fridley','Audrey Debaere','Ajay Kumar','Bhavya Reddy','Alex Young',NULL,200.0,NULL,1,'2026-04-02 03:35:22','2026-04-02 15:40:39');
INSERT INTO projects VALUES('ETE-100','ATSG Expired Members Self-Payment','Enhancement','Sales & Distribution','Tom Vierling','NEEDS FUNCTIONAL SPEC',0.0,'Medium','2026-04-01','2026-05-27',NULL,'Systems Applications','Emily Fridley','Audrey Debaere','Deepak Gudwani','Ravindra Reddy','Alex Young',NULL,200.0,NULL,1,'2026-04-02 03:35:22','2026-04-03 19:53:49');
INSERT INTO projects VALUES('ETE-124','Clean Up Return Loads','Enhancement','Finance','Tom Newell','NOT STARTED',0.0,'Highest','2026-04-01','2026-05-20',NULL,'Synnergie','Emily Fridley','Audrey Debaere','Ajay Kumar','Sarath Yeturu','Alex Young',NULL,200.0,NULL,1,'2026-04-02 03:35:22','2026-04-02 15:40:39');
INSERT INTO projects VALUES('ETE-58','Transfer Order Moved Items to Transit Location','Enhancement','Finance','Jim Young','POSTPONED',0.0,NULL,'2026-04-01','2026-09-23',NULL,NULL,NULL,NULL,NULL,NULL,NULL,NULL,0.0,NULL,2,'2026-04-02 03:35:22','2026-04-02 15:40:39');
INSERT INTO projects VALUES('ETE-51','RMA Credit Memo on Ghost Check-In','Enhancement','Finance','Tom Newell','POSTPONED',0.0,NULL,'2026-04-01','2026-08-26',NULL,NULL,NULL,NULL,NULL,NULL,NULL,NULL,0.0,NULL,2,'2026-04-02 03:35:22','2026-04-02 15:40:39');
INSERT INTO projects VALUES('ETE-59','Reconcile BridgePay CC Transactions ','Enhancement','Finance','Tom Newell','POSTPONED',0.0,NULL,'2026-04-01','2026-05-13',NULL,NULL,NULL,NULL,NULL,NULL,NULL,NULL,0.0,NULL,2,'2026-04-02 03:35:22','2026-04-02 15:40:39');
INSERT INTO projects VALUES('ETE-60','EDI Payments Not Posting on Background','Enhancement','Finance','Tom Newell','POSTPONED',0.0,NULL,'2026-04-01','2026-09-02',NULL,NULL,NULL,NULL,NULL,NULL,NULL,NULL,0.0,NULL,2,'2026-04-02 03:35:22','2026-04-02 15:40:39');
INSERT INTO projects VALUES('ETE-61','Accum Deposits Received Field','Bug','Finance','Tom Newell','POSTPONED',0.0,NULL,'2026-04-01','2026-07-29',NULL,NULL,NULL,NULL,NULL,NULL,NULL,NULL,0.0,NULL,2,'2026-04-02 03:35:22','2026-04-02 15:40:39');
INSERT INTO projects VALUES('ETE-86','Allow TCM Core Receiving to Post ','Enhancement','Engineering','Ray Trumble','POSTPONED',0.0,NULL,'2026-04-01','2026-05-06',NULL,NULL,NULL,NULL,NULL,NULL,NULL,NULL,0.0,NULL,2,'2026-04-02 03:35:22','2026-04-02 15:40:39');
INSERT INTO projects VALUES('ETE-34','Salesforce BDR Application & Process Implementation','Enhancement','Sales & Distribution','Tom Vierling','POSTPONED',0.0,NULL,'2026-04-01','2026-04-29',NULL,NULL,NULL,NULL,NULL,NULL,NULL,NULL,0.0,NULL,2,'2026-04-02 03:35:22','2026-04-02 15:40:39');
INSERT INTO projects VALUES('ETE-35','BuyETE Ability for Customers to Save Quotes','Enhancement','Sales & Distribution','Tom Vierling','POSTPONED',0.0,NULL,'2026-04-01','2026-05-13',NULL,NULL,NULL,NULL,NULL,NULL,NULL,NULL,0.0,NULL,2,'2026-04-02 03:35:22','2026-04-02 15:40:39');
INSERT INTO projects VALUES('ETE-33','EDI 3PL Locations','Enhancement','Sales & Distribution','Tom Vierling','🔴 NEEDS HELP',0.0,'High','2026-04-01','2026-06-10',NULL,'Systems Applications','Brett Anderson','Jim Young','Deepak Gudwani','Sarath Yeturu',NULL,'M: 80-160 Hours',120.0,NULL,2,'2026-04-02 03:35:22','2026-04-02 16:04:25');
INSERT INTO projects VALUES('ETE-67','Avalara Tax Issues','Enhancement','Finance','Tom Newell','✅ COMPLETE',1.0,'Highest','2026-02-04','2026-02-27',NULL,'Synnergie','Emily Fridley','Audrey Debaere','Deepak Gudwani','Sangamesh Koti',NULL,'M: 80-160 Hours',120.0,NULL,3,'2026-04-02 03:35:22','2026-04-02 03:35:22');
INSERT INTO projects VALUES('ETE-14','Installed Return RMA Type','Enhancement','Supply Chain','Jon Besherse','✅ COMPLETE',1.0,'Highest','2026-03-02','2026-03-20',NULL,'Synnergie','Bettina Kotico','Audrey Debaere','Ajay Kumar','Sarath Yeturu',NULL,'M: 80-160 Hours',120.0,NULL,3,'2026-04-02 03:35:22','2026-04-02 03:35:22');
INSERT INTO projects VALUES('ETE-70','Nutanix (Replace VMware)','Key Initiative','Information Technology','Jim Koscielniak','✅ COMPLETE',1.0,'Highest','2025-12-01','2026-03-21',NULL,'Infrastructure','Emily Fridley','Ryan Picado','Ajay Kumar','Michael House',NULL,NULL,120.0,NULL,3,'2026-04-02 03:35:22','2026-04-02 03:35:22');
INSERT INTO projects VALUES('ETE-65','Rebuild Vendor Portal','Enhancement','Sales & Distribution','Tom Vierling','✅ COMPLETE',1.0,'High','2025-10-27','2026-01-09','2026-02-15','Systems Applications','Brett Anderson','Jim Young','Deepak Gudwani','Jonathon Gonzalez',NULL,'S: < 80 Hours',60.0,NULL,3,'2026-04-02 03:35:22','2026-04-02 03:35:22');
INSERT INTO projects VALUES('ETE-69','Core Plan Optimization','Key Initiative','Supply Chain','Jon Besherse','✅ COMPLETE',1.0,'High','2025-11-12','2026-01-23','2026-01-23','Synnergie','Emily Fridley','Audrey Debaere','Ajay Kumar','Ravindra Reddy',NULL,'L: 160-320 Hours',360.0,NULL,3,'2026-04-02 03:35:22','2026-04-02 03:35:22');
INSERT INTO projects VALUES('ETE-31','Restocking Fees Added to RMA Credit Memo','Enhancement','Finance','Tom Newell','✅ COMPLETE',1.0,'High','2024-12-22','2026-02-06','2026-02-28','Synnergie','Brett Anderson','Audrey Debaere','Deepak Gudwani','Bhavya Reddy',NULL,'L: 160-320 Hours',310.0,NULL,3,'2026-04-02 03:35:22','2026-04-02 03:35:22');
INSERT INTO projects VALUES('ETE-45','VB Bin Printer Integration','Enhancement','Engineering','Ray Trumble','✅ COMPLETE',1.0,'High','2025-10-20','2026-02-20','2026-02-20','Synnergie','Brett Anderson','Cristian Varelas','Deepak Gudwani','Sangamesh Koti',NULL,'M: 80-160 Hours',160.0,NULL,3,'2026-04-02 03:35:22','2026-04-02 03:35:22');
INSERT INTO projects VALUES('ETE-42','Gear Screen - Improved Production Oversight','Key Initiative','Production','Ari Rosengarten','COMPLETE',1.0,'High','2026-01-12','2026-02-05','2026-02-28','Synnergie','Bettina Kotico','Cristian Varelas','Deepak Gudwani','Vishnu Premen',NULL,'M: 80-160 Hours',120.0,'NAPA not ready',3,'2026-04-02 03:35:22','2026-04-02 15:40:39');
INSERT INTO projects VALUES('ETE-72','Fortigate ZTNA - EMS Setup','Key Initiative','Information Technology','Jim Koscielniak','✅ COMPLETE',1.0,'High','2025-12-12','2025-12-31','2026-02-27','Infrastructure',NULL,NULL,NULL,'Justin Senour',NULL,NULL,0.0,NULL,3,'2026-04-02 03:35:22','2026-04-02 03:35:22');
INSERT INTO projects VALUES('ETE-71','One Drive Migration','Key Initiative','Information Technology','Jim Koscielniak','✅ COMPLETE',1.0,'High','2025-12-22','2026-02-06','2026-02-15','Infrastructure',NULL,NULL,NULL,'Michael House',NULL,NULL,0.0,NULL,3,'2026-04-02 03:35:22','2026-04-02 03:35:22');
INSERT INTO projects VALUES('ETE-87','Production Dashboard','Enhancement','Production','Ari Rosengarten','COMPLETE',1.0,'High','2026-04-01','2026-06-17',NULL,'Systems Applications','Emily Fridley','Cristian Varelas','Ajay Kumar','Vishnu Premen',NULL,'S: < 80 Hours',40.0,NULL,3,'2026-04-02 03:35:22','2026-04-02 15:40:39');
INSERT INTO projects VALUES('ETE-88','Return Load Phase 2','Key Initiative','Finance','Tom Newell','COMPLETE',1.0,'High','2025-10-27','2025-12-29','2026-01-09','Synnergie','Brett Anderson','Audrey Debaere','Deepak Gudwani','Sangamesh Koti',NULL,NULL,320.0,NULL,3,'2026-04-02 03:35:22','2026-04-02 15:40:39');
INSERT INTO projects VALUES('ETE-73','Teal Parts Daily Inventory Feed','Enhancement','Sales & Distribution','Tom Vierling','✅ COMPLETE',1.0,'Highest','2026-04-01','2026-08-19',NULL,'Systems Applications','Brett Anderson','Cristian Varelas','Deepak Gudwani','Sarath Yeturu',NULL,'S: < 80 Hours',40.0,NULL,3,'2026-04-02 03:35:22','2026-04-02 03:35:22');
INSERT INTO projects VALUES('ETE-10','Upload Utility for Planning Fields','Enhancement','Supply Chain','Tom Green','✅ COMPLETE',1.0,'Highest','2026-04-01','2026-09-09',NULL,'Synnergie','Emily Fridley','Audrey Debaere','Deepak Gudwani','Bhavya Reddy','Alex Young','S: < 80 Hours',80.0,NULL,3,'2026-04-02 03:35:22','2026-04-02 15:19:42');
INSERT INTO projects VALUES('ETE-32','Form: Cash App SQL Fix','Enhancement','Finance','Tom Newell','✅ COMPLETE',1.0,'High','2026-04-01','2026-04-29',NULL,'Synnergie','Bettina Kotico','Audrey Debaere','Deepak Gudwani','Vishnu Premen',NULL,'L: 160-320 Hours',320.0,NULL,3,'2026-04-02 03:35:22','2026-04-02 03:35:22');
INSERT INTO projects VALUES('ETE-76','FedEx Web Services API','Enhancement','Information Technology','Jim Koscielniak','✅ COMPLETE',0.0,'High','2026-03-03','2026-03-13',NULL,'Systems Applications','Emily Fridley','Audrey Debaere','Deepak Gudwani','Alex Young','Alex Young','S: < 80 Hours',40.0,NULL,3,'2026-04-02 03:35:22','2026-04-02 03:35:22');
CREATE TABLE project_role_allocations (
    project_id  TEXT NOT NULL REFERENCES projects(id) ON DELETE CASCADE,
    role_key    TEXT NOT NULL,
    allocation  REAL DEFAULT 0.0,
    PRIMARY KEY (project_id, role_key)
);
INSERT INTO project_role_allocations VALUES('ETE-83','pm',0.1499999999999999945);
INSERT INTO project_role_allocations VALUES('ETE-83','ba',0.1000000000000000055);
INSERT INTO project_role_allocations VALUES('ETE-83','functional',0.0);
INSERT INTO project_role_allocations VALUES('ETE-83','technical',0.0);
INSERT INTO project_role_allocations VALUES('ETE-83','developer',0.5);
INSERT INTO project_role_allocations VALUES('ETE-83','infrastructure',0.0);
INSERT INTO project_role_allocations VALUES('ETE-83','dba',0.05000000000000000277);
INSERT INTO project_role_allocations VALUES('ETE-83','wms',0.0);
INSERT INTO project_role_allocations VALUES('ETE-48','pm',0.25);
INSERT INTO project_role_allocations VALUES('ETE-48','ba',0.1000000000000000055);
INSERT INTO project_role_allocations VALUES('ETE-48','functional',0.2000000000000000111);
INSERT INTO project_role_allocations VALUES('ETE-48','technical',0.25);
INSERT INTO project_role_allocations VALUES('ETE-48','developer',0.75);
INSERT INTO project_role_allocations VALUES('ETE-48','infrastructure',0.0);
INSERT INTO project_role_allocations VALUES('ETE-48','dba',0.0);
INSERT INTO project_role_allocations VALUES('ETE-48','wms',0.0);
INSERT INTO project_role_allocations VALUES('ETE-68','pm',0.1000000000000000055);
INSERT INTO project_role_allocations VALUES('ETE-68','ba',0.1000000000000000055);
INSERT INTO project_role_allocations VALUES('ETE-68','functional',0.0);
INSERT INTO project_role_allocations VALUES('ETE-68','technical',0.0);
INSERT INTO project_role_allocations VALUES('ETE-68','developer',0.75);
INSERT INTO project_role_allocations VALUES('ETE-68','infrastructure',0.0);
INSERT INTO project_role_allocations VALUES('ETE-68','dba',0.0);
INSERT INTO project_role_allocations VALUES('ETE-68','wms',0.0);
INSERT INTO project_role_allocations VALUES('ETE-43','pm',0.1000000000000000055);
INSERT INTO project_role_allocations VALUES('ETE-43','ba',0.1000000000000000055);
INSERT INTO project_role_allocations VALUES('ETE-43','functional',0.2000000000000000111);
INSERT INTO project_role_allocations VALUES('ETE-43','technical',0.25);
INSERT INTO project_role_allocations VALUES('ETE-43','developer',0.5);
INSERT INTO project_role_allocations VALUES('ETE-43','infrastructure',0.0);
INSERT INTO project_role_allocations VALUES('ETE-43','dba',0.0);
INSERT INTO project_role_allocations VALUES('ETE-43','wms',0.0);
INSERT INTO project_role_allocations VALUES('ETE-19','pm',0.1000000000000000055);
INSERT INTO project_role_allocations VALUES('ETE-19','ba',0.1000000000000000055);
INSERT INTO project_role_allocations VALUES('ETE-19','functional',0.25);
INSERT INTO project_role_allocations VALUES('ETE-19','technical',0.6500000000000000222);
INSERT INTO project_role_allocations VALUES('ETE-19','developer',0.75);
INSERT INTO project_role_allocations VALUES('ETE-19','infrastructure',0.0);
INSERT INTO project_role_allocations VALUES('ETE-19','dba',0.1000000000000000055);
INSERT INTO project_role_allocations VALUES('ETE-19','wms',0.0);
INSERT INTO project_role_allocations VALUES('ETE-49','pm',0.1000000000000000055);
INSERT INTO project_role_allocations VALUES('ETE-49','ba',0.1000000000000000055);
INSERT INTO project_role_allocations VALUES('ETE-49','functional',0.2000000000000000111);
INSERT INTO project_role_allocations VALUES('ETE-49','technical',0.25);
INSERT INTO project_role_allocations VALUES('ETE-49','developer',0.75);
INSERT INTO project_role_allocations VALUES('ETE-49','infrastructure',0.2000000000000000111);
INSERT INTO project_role_allocations VALUES('ETE-49','dba',0.0);
INSERT INTO project_role_allocations VALUES('ETE-49','wms',0.0);
INSERT INTO project_role_allocations VALUES('ETE-7','pm',0.1000000000000000055);
INSERT INTO project_role_allocations VALUES('ETE-7','ba',0.1000000000000000055);
INSERT INTO project_role_allocations VALUES('ETE-7','functional',0.2000000000000000111);
INSERT INTO project_role_allocations VALUES('ETE-7','technical',0.25);
INSERT INTO project_role_allocations VALUES('ETE-7','developer',0.5999999999999999778);
INSERT INTO project_role_allocations VALUES('ETE-7','infrastructure',0.0);
INSERT INTO project_role_allocations VALUES('ETE-7','dba',0.0);
INSERT INTO project_role_allocations VALUES('ETE-7','wms',0.0);
INSERT INTO project_role_allocations VALUES('ETE-52','pm',0.1000000000000000055);
INSERT INTO project_role_allocations VALUES('ETE-52','ba',0.1000000000000000055);
INSERT INTO project_role_allocations VALUES('ETE-52','functional',0.2000000000000000111);
INSERT INTO project_role_allocations VALUES('ETE-52','technical',0.25);
INSERT INTO project_role_allocations VALUES('ETE-52','developer',0.75);
INSERT INTO project_role_allocations VALUES('ETE-52','infrastructure',0.2000000000000000111);
INSERT INTO project_role_allocations VALUES('ETE-52','dba',0.05000000000000000277);
INSERT INTO project_role_allocations VALUES('ETE-52','wms',0.0);
INSERT INTO project_role_allocations VALUES('ETE-16','pm',0.1000000000000000055);
INSERT INTO project_role_allocations VALUES('ETE-16','ba',0.1000000000000000055);
INSERT INTO project_role_allocations VALUES('ETE-16','functional',0.2000000000000000111);
INSERT INTO project_role_allocations VALUES('ETE-16','technical',0.25);
INSERT INTO project_role_allocations VALUES('ETE-16','developer',0.5999999999999999778);
INSERT INTO project_role_allocations VALUES('ETE-16','infrastructure',0.2000000000000000111);
INSERT INTO project_role_allocations VALUES('ETE-16','dba',0.1000000000000000055);
INSERT INTO project_role_allocations VALUES('ETE-16','wms',0.0);
INSERT INTO project_role_allocations VALUES('ETE-37','pm',0.1000000000000000055);
INSERT INTO project_role_allocations VALUES('ETE-37','ba',0.1000000000000000055);
INSERT INTO project_role_allocations VALUES('ETE-37','functional',0.2000000000000000111);
INSERT INTO project_role_allocations VALUES('ETE-37','technical',0.25);
INSERT INTO project_role_allocations VALUES('ETE-37','developer',0.6500000000000000222);
INSERT INTO project_role_allocations VALUES('ETE-37','infrastructure',0.0);
INSERT INTO project_role_allocations VALUES('ETE-37','dba',0.05000000000000000277);
INSERT INTO project_role_allocations VALUES('ETE-37','wms',0.0);
INSERT INTO project_role_allocations VALUES('ETE-97','pm',0.1000000000000000055);
INSERT INTO project_role_allocations VALUES('ETE-97','ba',0.1000000000000000055);
INSERT INTO project_role_allocations VALUES('ETE-97','functional',0.2000000000000000111);
INSERT INTO project_role_allocations VALUES('ETE-97','technical',0.25);
INSERT INTO project_role_allocations VALUES('ETE-97','developer',0.75);
INSERT INTO project_role_allocations VALUES('ETE-97','infrastructure',0.0);
INSERT INTO project_role_allocations VALUES('ETE-97','dba',0.0);
INSERT INTO project_role_allocations VALUES('ETE-97','wms',0.0);
INSERT INTO project_role_allocations VALUES('ETE-100','pm',0.1000000000000000055);
INSERT INTO project_role_allocations VALUES('ETE-100','ba',0.1000000000000000055);
INSERT INTO project_role_allocations VALUES('ETE-100','functional',0.2000000000000000111);
INSERT INTO project_role_allocations VALUES('ETE-100','technical',0.25);
INSERT INTO project_role_allocations VALUES('ETE-100','developer',0.75);
INSERT INTO project_role_allocations VALUES('ETE-100','infrastructure',0.2000000000000000111);
INSERT INTO project_role_allocations VALUES('ETE-100','dba',0.1000000000000000055);
INSERT INTO project_role_allocations VALUES('ETE-100','wms',0.0);
INSERT INTO project_role_allocations VALUES('ETE-124','pm',0.1000000000000000055);
INSERT INTO project_role_allocations VALUES('ETE-124','ba',0.1000000000000000055);
INSERT INTO project_role_allocations VALUES('ETE-124','functional',0.2000000000000000111);
INSERT INTO project_role_allocations VALUES('ETE-124','technical',0.25);
INSERT INTO project_role_allocations VALUES('ETE-124','developer',0.75);
INSERT INTO project_role_allocations VALUES('ETE-124','infrastructure',0.1000000000000000055);
INSERT INTO project_role_allocations VALUES('ETE-124','dba',0.0);
INSERT INTO project_role_allocations VALUES('ETE-124','wms',0.0);
INSERT INTO project_role_allocations VALUES('ETE-58','pm',0.0);
INSERT INTO project_role_allocations VALUES('ETE-58','ba',0.0);
INSERT INTO project_role_allocations VALUES('ETE-58','functional',0.0);
INSERT INTO project_role_allocations VALUES('ETE-58','technical',0.0);
INSERT INTO project_role_allocations VALUES('ETE-58','developer',0.0);
INSERT INTO project_role_allocations VALUES('ETE-58','infrastructure',0.0);
INSERT INTO project_role_allocations VALUES('ETE-58','dba',0.0);
INSERT INTO project_role_allocations VALUES('ETE-58','wms',0.0);
INSERT INTO project_role_allocations VALUES('ETE-51','pm',0.0);
INSERT INTO project_role_allocations VALUES('ETE-51','ba',0.0);
INSERT INTO project_role_allocations VALUES('ETE-51','functional',0.0);
INSERT INTO project_role_allocations VALUES('ETE-51','technical',0.0);
INSERT INTO project_role_allocations VALUES('ETE-51','developer',0.0);
INSERT INTO project_role_allocations VALUES('ETE-51','infrastructure',0.0);
INSERT INTO project_role_allocations VALUES('ETE-51','dba',0.0);
INSERT INTO project_role_allocations VALUES('ETE-51','wms',0.0);
INSERT INTO project_role_allocations VALUES('ETE-59','pm',0.0);
INSERT INTO project_role_allocations VALUES('ETE-59','ba',0.0);
INSERT INTO project_role_allocations VALUES('ETE-59','functional',0.0);
INSERT INTO project_role_allocations VALUES('ETE-59','technical',0.0);
INSERT INTO project_role_allocations VALUES('ETE-59','developer',0.0);
INSERT INTO project_role_allocations VALUES('ETE-59','infrastructure',0.0);
INSERT INTO project_role_allocations VALUES('ETE-59','dba',0.0);
INSERT INTO project_role_allocations VALUES('ETE-59','wms',0.0);
INSERT INTO project_role_allocations VALUES('ETE-60','pm',0.0);
INSERT INTO project_role_allocations VALUES('ETE-60','ba',0.0);
INSERT INTO project_role_allocations VALUES('ETE-60','functional',0.0);
INSERT INTO project_role_allocations VALUES('ETE-60','technical',0.0);
INSERT INTO project_role_allocations VALUES('ETE-60','developer',0.0);
INSERT INTO project_role_allocations VALUES('ETE-60','infrastructure',0.0);
INSERT INTO project_role_allocations VALUES('ETE-60','dba',0.0);
INSERT INTO project_role_allocations VALUES('ETE-60','wms',0.0);
INSERT INTO project_role_allocations VALUES('ETE-61','pm',0.0);
INSERT INTO project_role_allocations VALUES('ETE-61','ba',0.0);
INSERT INTO project_role_allocations VALUES('ETE-61','functional',0.0);
INSERT INTO project_role_allocations VALUES('ETE-61','technical',0.0);
INSERT INTO project_role_allocations VALUES('ETE-61','developer',0.0);
INSERT INTO project_role_allocations VALUES('ETE-61','infrastructure',0.0);
INSERT INTO project_role_allocations VALUES('ETE-61','dba',0.0);
INSERT INTO project_role_allocations VALUES('ETE-61','wms',0.0);
INSERT INTO project_role_allocations VALUES('ETE-86','pm',0.0);
INSERT INTO project_role_allocations VALUES('ETE-86','ba',0.0);
INSERT INTO project_role_allocations VALUES('ETE-86','functional',0.0);
INSERT INTO project_role_allocations VALUES('ETE-86','technical',0.0);
INSERT INTO project_role_allocations VALUES('ETE-86','developer',0.0);
INSERT INTO project_role_allocations VALUES('ETE-86','infrastructure',0.0);
INSERT INTO project_role_allocations VALUES('ETE-86','dba',0.0);
INSERT INTO project_role_allocations VALUES('ETE-86','wms',0.0);
INSERT INTO project_role_allocations VALUES('ETE-34','pm',0.0);
INSERT INTO project_role_allocations VALUES('ETE-34','ba',0.0);
INSERT INTO project_role_allocations VALUES('ETE-34','functional',0.0);
INSERT INTO project_role_allocations VALUES('ETE-34','technical',0.0);
INSERT INTO project_role_allocations VALUES('ETE-34','developer',0.0);
INSERT INTO project_role_allocations VALUES('ETE-34','infrastructure',0.0);
INSERT INTO project_role_allocations VALUES('ETE-34','dba',0.0);
INSERT INTO project_role_allocations VALUES('ETE-34','wms',0.0);
INSERT INTO project_role_allocations VALUES('ETE-35','pm',0.0);
INSERT INTO project_role_allocations VALUES('ETE-35','ba',0.0);
INSERT INTO project_role_allocations VALUES('ETE-35','functional',0.0);
INSERT INTO project_role_allocations VALUES('ETE-35','technical',0.0);
INSERT INTO project_role_allocations VALUES('ETE-35','developer',0.0);
INSERT INTO project_role_allocations VALUES('ETE-35','infrastructure',0.0);
INSERT INTO project_role_allocations VALUES('ETE-35','dba',0.0);
INSERT INTO project_role_allocations VALUES('ETE-35','wms',0.0);
INSERT INTO project_role_allocations VALUES('ETE-33','pm',0.1000000000000000055);
INSERT INTO project_role_allocations VALUES('ETE-33','ba',0.1499999999999999945);
INSERT INTO project_role_allocations VALUES('ETE-33','functional',0.2000000000000000111);
INSERT INTO project_role_allocations VALUES('ETE-33','technical',0.25);
INSERT INTO project_role_allocations VALUES('ETE-33','developer',0.75);
INSERT INTO project_role_allocations VALUES('ETE-33','infrastructure',0.0);
INSERT INTO project_role_allocations VALUES('ETE-33','dba',0.1000000000000000055);
INSERT INTO project_role_allocations VALUES('ETE-33','wms',0.0);
INSERT INTO project_role_allocations VALUES('ETE-67','pm',0.1000000000000000055);
INSERT INTO project_role_allocations VALUES('ETE-67','ba',0.1000000000000000055);
INSERT INTO project_role_allocations VALUES('ETE-67','functional',0.25);
INSERT INTO project_role_allocations VALUES('ETE-67','technical',0.75);
INSERT INTO project_role_allocations VALUES('ETE-67','developer',0.5);
INSERT INTO project_role_allocations VALUES('ETE-67','infrastructure',0.0);
INSERT INTO project_role_allocations VALUES('ETE-67','dba',0.0);
INSERT INTO project_role_allocations VALUES('ETE-67','wms',0.0);
INSERT INTO project_role_allocations VALUES('ETE-14','pm',0.1000000000000000055);
INSERT INTO project_role_allocations VALUES('ETE-14','ba',0.1000000000000000055);
INSERT INTO project_role_allocations VALUES('ETE-14','functional',0.2000000000000000111);
INSERT INTO project_role_allocations VALUES('ETE-14','technical',0.25);
INSERT INTO project_role_allocations VALUES('ETE-14','developer',0.75);
INSERT INTO project_role_allocations VALUES('ETE-14','infrastructure',0.1000000000000000055);
INSERT INTO project_role_allocations VALUES('ETE-14','dba',0.05000000000000000277);
INSERT INTO project_role_allocations VALUES('ETE-14','wms',0.0);
INSERT INTO project_role_allocations VALUES('ETE-70','pm',0.1000000000000000055);
INSERT INTO project_role_allocations VALUES('ETE-70','ba',0.1499999999999999945);
INSERT INTO project_role_allocations VALUES('ETE-70','functional',0.2000000000000000111);
INSERT INTO project_role_allocations VALUES('ETE-70','technical',0.25);
INSERT INTO project_role_allocations VALUES('ETE-70','developer',0.5);
INSERT INTO project_role_allocations VALUES('ETE-70','infrastructure',0.5);
INSERT INTO project_role_allocations VALUES('ETE-70','dba',0.0);
INSERT INTO project_role_allocations VALUES('ETE-70','wms',0.0);
INSERT INTO project_role_allocations VALUES('ETE-65','pm',0.1000000000000000055);
INSERT INTO project_role_allocations VALUES('ETE-65','ba',0.1499999999999999945);
INSERT INTO project_role_allocations VALUES('ETE-65','functional',0.2000000000000000111);
INSERT INTO project_role_allocations VALUES('ETE-65','technical',0.25);
INSERT INTO project_role_allocations VALUES('ETE-65','developer',0.5);
INSERT INTO project_role_allocations VALUES('ETE-65','infrastructure',0.0);
INSERT INTO project_role_allocations VALUES('ETE-65','dba',0.1000000000000000055);
INSERT INTO project_role_allocations VALUES('ETE-65','wms',0.0);
INSERT INTO project_role_allocations VALUES('ETE-69','pm',0.1000000000000000055);
INSERT INTO project_role_allocations VALUES('ETE-69','ba',0.1499999999999999945);
INSERT INTO project_role_allocations VALUES('ETE-69','functional',0.2000000000000000111);
INSERT INTO project_role_allocations VALUES('ETE-69','technical',0.25);
INSERT INTO project_role_allocations VALUES('ETE-69','developer',0.5999999999999999778);
INSERT INTO project_role_allocations VALUES('ETE-69','infrastructure',0.1000000000000000055);
INSERT INTO project_role_allocations VALUES('ETE-69','dba',0.0);
INSERT INTO project_role_allocations VALUES('ETE-69','wms',0.0);
INSERT INTO project_role_allocations VALUES('ETE-31','pm',0.1000000000000000055);
INSERT INTO project_role_allocations VALUES('ETE-31','ba',0.1499999999999999945);
INSERT INTO project_role_allocations VALUES('ETE-31','functional',0.2000000000000000111);
INSERT INTO project_role_allocations VALUES('ETE-31','technical',0.25);
INSERT INTO project_role_allocations VALUES('ETE-31','developer',0.5999999999999999778);
INSERT INTO project_role_allocations VALUES('ETE-31','infrastructure',0.0);
INSERT INTO project_role_allocations VALUES('ETE-31','dba',0.0);
INSERT INTO project_role_allocations VALUES('ETE-31','wms',0.0);
INSERT INTO project_role_allocations VALUES('ETE-45','pm',0.1000000000000000055);
INSERT INTO project_role_allocations VALUES('ETE-45','ba',0.1499999999999999945);
INSERT INTO project_role_allocations VALUES('ETE-45','functional',0.2000000000000000111);
INSERT INTO project_role_allocations VALUES('ETE-45','technical',0.25);
INSERT INTO project_role_allocations VALUES('ETE-45','developer',0.4000000000000000222);
INSERT INTO project_role_allocations VALUES('ETE-45','infrastructure',0.1000000000000000055);
INSERT INTO project_role_allocations VALUES('ETE-45','dba',0.0);
INSERT INTO project_role_allocations VALUES('ETE-45','wms',0.0);
INSERT INTO project_role_allocations VALUES('ETE-42','pm',0.1000000000000000055);
INSERT INTO project_role_allocations VALUES('ETE-42','ba',0.1499999999999999945);
INSERT INTO project_role_allocations VALUES('ETE-42','functional',0.2000000000000000111);
INSERT INTO project_role_allocations VALUES('ETE-42','technical',0.25);
INSERT INTO project_role_allocations VALUES('ETE-42','developer',0.75);
INSERT INTO project_role_allocations VALUES('ETE-42','infrastructure',0.2000000000000000111);
INSERT INTO project_role_allocations VALUES('ETE-42','dba',0.1000000000000000055);
INSERT INTO project_role_allocations VALUES('ETE-42','wms',0.0);
INSERT INTO project_role_allocations VALUES('ETE-72','pm',0.0);
INSERT INTO project_role_allocations VALUES('ETE-72','ba',0.0);
INSERT INTO project_role_allocations VALUES('ETE-72','functional',0.0);
INSERT INTO project_role_allocations VALUES('ETE-72','technical',0.0);
INSERT INTO project_role_allocations VALUES('ETE-72','developer',0.0);
INSERT INTO project_role_allocations VALUES('ETE-72','infrastructure',0.0);
INSERT INTO project_role_allocations VALUES('ETE-72','dba',0.0);
INSERT INTO project_role_allocations VALUES('ETE-72','wms',0.0);
INSERT INTO project_role_allocations VALUES('ETE-71','pm',0.0);
INSERT INTO project_role_allocations VALUES('ETE-71','ba',0.0);
INSERT INTO project_role_allocations VALUES('ETE-71','functional',0.0);
INSERT INTO project_role_allocations VALUES('ETE-71','technical',0.0);
INSERT INTO project_role_allocations VALUES('ETE-71','developer',0.0);
INSERT INTO project_role_allocations VALUES('ETE-71','infrastructure',0.0);
INSERT INTO project_role_allocations VALUES('ETE-71','dba',0.0);
INSERT INTO project_role_allocations VALUES('ETE-71','wms',0.0);
INSERT INTO project_role_allocations VALUES('ETE-87','pm',0.1000000000000000055);
INSERT INTO project_role_allocations VALUES('ETE-87','ba',0.1499999999999999945);
INSERT INTO project_role_allocations VALUES('ETE-87','functional',0.2000000000000000111);
INSERT INTO project_role_allocations VALUES('ETE-87','technical',0.25);
INSERT INTO project_role_allocations VALUES('ETE-87','developer',0.75);
INSERT INTO project_role_allocations VALUES('ETE-87','infrastructure',0.1000000000000000055);
INSERT INTO project_role_allocations VALUES('ETE-87','dba',0.0);
INSERT INTO project_role_allocations VALUES('ETE-87','wms',0.0);
INSERT INTO project_role_allocations VALUES('ETE-88','pm',0.1000000000000000055);
INSERT INTO project_role_allocations VALUES('ETE-88','ba',0.1499999999999999945);
INSERT INTO project_role_allocations VALUES('ETE-88','functional',0.2000000000000000111);
INSERT INTO project_role_allocations VALUES('ETE-88','technical',0.25);
INSERT INTO project_role_allocations VALUES('ETE-88','developer',0.4000000000000000222);
INSERT INTO project_role_allocations VALUES('ETE-88','infrastructure',0.0);
INSERT INTO project_role_allocations VALUES('ETE-88','dba',0.0);
INSERT INTO project_role_allocations VALUES('ETE-88','wms',0.0);
INSERT INTO project_role_allocations VALUES('ETE-73','pm',0.1000000000000000055);
INSERT INTO project_role_allocations VALUES('ETE-73','ba',0.1499999999999999945);
INSERT INTO project_role_allocations VALUES('ETE-73','functional',0.2000000000000000111);
INSERT INTO project_role_allocations VALUES('ETE-73','technical',0.25);
INSERT INTO project_role_allocations VALUES('ETE-73','developer',0.5);
INSERT INTO project_role_allocations VALUES('ETE-73','infrastructure',0.0);
INSERT INTO project_role_allocations VALUES('ETE-73','dba',0.0);
INSERT INTO project_role_allocations VALUES('ETE-73','wms',0.0);
INSERT INTO project_role_allocations VALUES('ETE-10','pm',0.1000000000000000055);
INSERT INTO project_role_allocations VALUES('ETE-10','ba',0.1499999999999999945);
INSERT INTO project_role_allocations VALUES('ETE-10','functional',0.2000000000000000111);
INSERT INTO project_role_allocations VALUES('ETE-10','technical',0.25);
INSERT INTO project_role_allocations VALUES('ETE-10','developer',0.5);
INSERT INTO project_role_allocations VALUES('ETE-10','infrastructure',0.2000000000000000111);
INSERT INTO project_role_allocations VALUES('ETE-10','dba',0.0);
INSERT INTO project_role_allocations VALUES('ETE-10','wms',0.0);
INSERT INTO project_role_allocations VALUES('ETE-32','pm',0.1000000000000000055);
INSERT INTO project_role_allocations VALUES('ETE-32','ba',0.1499999999999999945);
INSERT INTO project_role_allocations VALUES('ETE-32','functional',0.2000000000000000111);
INSERT INTO project_role_allocations VALUES('ETE-32','technical',0.25);
INSERT INTO project_role_allocations VALUES('ETE-32','developer',0.75);
INSERT INTO project_role_allocations VALUES('ETE-32','infrastructure',0.1000000000000000055);
INSERT INTO project_role_allocations VALUES('ETE-32','dba',0.0);
INSERT INTO project_role_allocations VALUES('ETE-32','wms',0.0);
INSERT INTO project_role_allocations VALUES('ETE-76','pm',0.1000000000000000055);
INSERT INTO project_role_allocations VALUES('ETE-76','ba',0.1499999999999999945);
INSERT INTO project_role_allocations VALUES('ETE-76','functional',0.2000000000000000111);
INSERT INTO project_role_allocations VALUES('ETE-76','technical',0.25);
INSERT INTO project_role_allocations VALUES('ETE-76','developer',0.5999999999999999778);
INSERT INTO project_role_allocations VALUES('ETE-76','infrastructure',0.0);
INSERT INTO project_role_allocations VALUES('ETE-76','dba',0.05000000000000000277);
INSERT INTO project_role_allocations VALUES('ETE-76','wms',0.0);
CREATE TABLE team_members (
    name                 TEXT PRIMARY KEY,
    role                 TEXT NOT NULL,
    role_key             TEXT NOT NULL,
    team                 TEXT,
    vendor               TEXT,
    classification       TEXT,
    rate_per_hour        REAL DEFAULT 0.0,
    weekly_hrs_available REAL DEFAULT 0.0,
    support_reserve_pct  REAL DEFAULT 0.0
);
INSERT INTO team_members VALUES('Ajay Kumar','Functional','functional','ERP','Synnergie','MSA',65.0,35.0,0.4000000000000000222);
INSERT INTO team_members VALUES('Ravindra Reddy','Technical','technical','ERP','Synnergie','MSA',65.0,35.0,0.4000000000000000222);
INSERT INTO team_members VALUES('Vishnu Premen','Technical','technical','ERP','Synnergie',NULL,65.0,35.0,0.4000000000000000222);
INSERT INTO team_members VALUES('Deepak Gudwani','Functional','functional','ERP','Synnergie',NULL,65.0,35.0,0.4000000000000000222);
INSERT INTO team_members VALUES('Sangamesh Koti','Technical','technical','ERP','Synnergie','T&M',65.0,35.0,0.0);
INSERT INTO team_members VALUES('Bhavya Reddy','Technical','technical','ERP','Synnergie',NULL,65.0,35.0,0.0);
INSERT INTO team_members VALUES('Sarath Yeturu','Technical','technical','ERP','Synnergie','MSA',65.0,35.0,0.5999999999999999778);
INSERT INTO team_members VALUES('Vinod Bollepally','DBA','dba','ERP','Synnergie','MSA',65.0,35.0,0.8000000000000000444);
INSERT INTO team_members VALUES('Jim Young','Business Analyst','ba','Business Analysts','ETE',NULL,65.0,40.0,0.5999999999999999778);
INSERT INTO team_members VALUES('Alex Young','Developer','developer','Systems Applications','ETE',NULL,65.0,25.0,0.0);
INSERT INTO team_members VALUES('Nick Smith','Developer','developer','Systems Applications','ETE',NULL,65.0,25.0,0.4000000000000000222);
INSERT INTO team_members VALUES('Colin Olson','Developer','developer','Systems Applications','ETE',NULL,65.0,25.0,0.1000000000000000055);
INSERT INTO team_members VALUES('Jonathon Gonzalez','Developer','developer','Systems Applications','ETE',NULL,65.0,25.0,0.25);
INSERT INTO team_members VALUES('Audrey Debaere','Business Analyst','ba','Business Analysts','ETE',NULL,65.0,35.0,0.5);
INSERT INTO team_members VALUES('Cristian Varelas','Business Analyst','ba','Business Analysts','ETE',NULL,65.0,35.0,0.2000000000000000111);
INSERT INTO team_members VALUES('Ryan Picado','Business Analyst','ba','Business Analysts','ETE',NULL,65.0,35.0,0.5);
INSERT INTO team_members VALUES('Emily Fridley','Project Manager','pm','PMO','ETE',NULL,65.0,35.0,0.5);
INSERT INTO team_members VALUES('Brett Anderson','Project Manager','pm','PMO','ETE',NULL,65.0,35.0,0.25);
INSERT INTO team_members VALUES('Bettina Kotico','Project Manager','pm','PMO','Kayana','T&M',65.0,32.0,0.6800000000000000488);
INSERT INTO team_members VALUES('Donna Wiedemeier','WMS Consultant','wms','WMS','Watermark','T&M',65.0,35.0,0.5999999999999999778);
INSERT INTO team_members VALUES('Justin Senour','Infrastructure','infrastructure','Infrastructure','ETE',NULL,65.0,40.0,0.5999999999999999778);
INSERT INTO team_members VALUES('Michael House','Infrastructure','infrastructure','Infrastructure','ETE',NULL,65.0,40.0,0.5999999999999999778);
INSERT INTO team_members VALUES('Andrew Shaefer','Infrastructure','infrastructure','Infrastructure','ETE',NULL,65.0,40.0,0.5999999999999999778);
CREATE TABLE project_assignments (
    id              INTEGER PRIMARY KEY AUTOINCREMENT,
    project_id      TEXT NOT NULL REFERENCES projects(id) ON DELETE CASCADE,
    person_name     TEXT NOT NULL,
    role_key        TEXT NOT NULL,
    allocation_pct  REAL DEFAULT 1.0,
    UNIQUE(project_id, person_name, role_key)
);
INSERT INTO project_assignments VALUES(1,'ETE-83','Emily Fridley','pm',1.0);
INSERT INTO project_assignments VALUES(2,'ETE-83','Audrey Debaere','ba',1.0);
INSERT INTO project_assignments VALUES(3,'ETE-83','Deepak Gudwani','functional',1.0);
INSERT INTO project_assignments VALUES(4,'ETE-83','Bhavya Reddy','technical',1.0);
INSERT INTO project_assignments VALUES(5,'ETE-83','Alex Young','developer',1.0);
INSERT INTO project_assignments VALUES(6,'ETE-48','Emily Fridley','pm',1.0);
INSERT INTO project_assignments VALUES(7,'ETE-48','Jim Young','ba',1.0);
INSERT INTO project_assignments VALUES(8,'ETE-48','Ajay Kumar','functional',1.0);
INSERT INTO project_assignments VALUES(9,'ETE-48','Sangamesh Koti','technical',1.0);
INSERT INTO project_assignments VALUES(10,'ETE-48','Alex Young','developer',1.0);
INSERT INTO project_assignments VALUES(11,'ETE-68','Emily Fridley','pm',1.0);
INSERT INTO project_assignments VALUES(12,'ETE-68','Audrey Debaere','ba',1.0);
INSERT INTO project_assignments VALUES(13,'ETE-68','Ajay Kumar','functional',1.0);
INSERT INTO project_assignments VALUES(14,'ETE-68','Colin Olson','technical',1.0);
INSERT INTO project_assignments VALUES(15,'ETE-68','Alex Young','developer',1.0);
INSERT INTO project_assignments VALUES(16,'ETE-43','Emily Fridley','pm',1.0);
INSERT INTO project_assignments VALUES(17,'ETE-43','Audrey Debaere','ba',1.0);
INSERT INTO project_assignments VALUES(18,'ETE-43','Deepak Gudwani','functional',1.0);
INSERT INTO project_assignments VALUES(19,'ETE-43','Sarath Yeturu','technical',1.0);
INSERT INTO project_assignments VALUES(20,'ETE-43','Alex Young','developer',1.0);
INSERT INTO project_assignments VALUES(21,'ETE-19','Emily Fridley','pm',1.0);
INSERT INTO project_assignments VALUES(22,'ETE-19','Audrey Debaere','ba',1.0);
INSERT INTO project_assignments VALUES(23,'ETE-19','Ajay Kumar','functional',1.0);
INSERT INTO project_assignments VALUES(24,'ETE-19','Bhavya Reddy','technical',1.0);
INSERT INTO project_assignments VALUES(25,'ETE-19','Alex Young','developer',1.0);
INSERT INTO project_assignments VALUES(26,'ETE-49','Emily Fridley','pm',1.0);
INSERT INTO project_assignments VALUES(27,'ETE-49','Audrey Debaere','ba',1.0);
INSERT INTO project_assignments VALUES(28,'ETE-49','Ajay Kumar','functional',1.0);
INSERT INTO project_assignments VALUES(29,'ETE-49','Sarath Yeturu','technical',1.0);
INSERT INTO project_assignments VALUES(30,'ETE-49','Alex Young','developer',1.0);
INSERT INTO project_assignments VALUES(31,'ETE-7','Emily Fridley','pm',1.0);
INSERT INTO project_assignments VALUES(32,'ETE-7','Audrey Debaere','ba',1.0);
INSERT INTO project_assignments VALUES(33,'ETE-7','Ajay Kumar','functional',1.0);
INSERT INTO project_assignments VALUES(34,'ETE-7','Bhavya Reddy','technical',1.0);
INSERT INTO project_assignments VALUES(35,'ETE-7','Alex Young','developer',1.0);
INSERT INTO project_assignments VALUES(36,'ETE-52','Emily Fridley','pm',1.0);
INSERT INTO project_assignments VALUES(37,'ETE-52','Audrey Debaere','ba',1.0);
INSERT INTO project_assignments VALUES(38,'ETE-52','Ajay Kumar','functional',1.0);
INSERT INTO project_assignments VALUES(39,'ETE-52','Bhavya Reddy','technical',1.0);
INSERT INTO project_assignments VALUES(40,'ETE-52','Alex Young','developer',1.0);
INSERT INTO project_assignments VALUES(41,'ETE-16','Emily Fridley','pm',1.0);
INSERT INTO project_assignments VALUES(42,'ETE-16','Audrey Debaere','ba',1.0);
INSERT INTO project_assignments VALUES(43,'ETE-16','Deepak Gudwani','functional',1.0);
INSERT INTO project_assignments VALUES(44,'ETE-16','Ravindra Reddy','technical',1.0);
INSERT INTO project_assignments VALUES(45,'ETE-16','Alex Young','developer',1.0);
INSERT INTO project_assignments VALUES(46,'ETE-37','Emily Fridley','pm',1.0);
INSERT INTO project_assignments VALUES(47,'ETE-37','Audrey Debaere','ba',1.0);
INSERT INTO project_assignments VALUES(48,'ETE-37','Ajay Kumar','functional',1.0);
INSERT INTO project_assignments VALUES(49,'ETE-37','Sarath Yeturu','technical',1.0);
INSERT INTO project_assignments VALUES(50,'ETE-37','Alex Young','developer',1.0);
INSERT INTO project_assignments VALUES(51,'ETE-97','Emily Fridley','pm',1.0);
INSERT INTO project_assignments VALUES(52,'ETE-97','Audrey Debaere','ba',1.0);
INSERT INTO project_assignments VALUES(53,'ETE-97','Ajay Kumar','functional',1.0);
INSERT INTO project_assignments VALUES(54,'ETE-97','Bhavya Reddy','technical',1.0);
INSERT INTO project_assignments VALUES(55,'ETE-97','Alex Young','developer',1.0);
INSERT INTO project_assignments VALUES(56,'ETE-100','Emily Fridley','pm',1.0);
INSERT INTO project_assignments VALUES(57,'ETE-100','Audrey Debaere','ba',1.0);
INSERT INTO project_assignments VALUES(58,'ETE-100','Deepak Gudwani','functional',1.0);
INSERT INTO project_assignments VALUES(59,'ETE-100','Ravindra Reddy','technical',1.0);
INSERT INTO project_assignments VALUES(60,'ETE-100','Alex Young','developer',1.0);
INSERT INTO project_assignments VALUES(61,'ETE-124','Emily Fridley','pm',1.0);
INSERT INTO project_assignments VALUES(62,'ETE-124','Audrey Debaere','ba',1.0);
INSERT INTO project_assignments VALUES(63,'ETE-124','Ajay Kumar','functional',1.0);
INSERT INTO project_assignments VALUES(64,'ETE-124','Sarath Yeturu','technical',1.0);
INSERT INTO project_assignments VALUES(65,'ETE-124','Alex Young','developer',1.0);
INSERT INTO project_assignments VALUES(66,'ETE-33','Brett Anderson','pm',1.0);
INSERT INTO project_assignments VALUES(67,'ETE-33','Jim Young','ba',1.0);
INSERT INTO project_assignments VALUES(68,'ETE-33','Deepak Gudwani','functional',1.0);
INSERT INTO project_assignments VALUES(69,'ETE-33','Sarath Yeturu','technical',1.0);
INSERT INTO project_assignments VALUES(70,'ETE-67','Emily Fridley','pm',1.0);
INSERT INTO project_assignments VALUES(71,'ETE-67','Audrey Debaere','ba',1.0);
INSERT INTO project_assignments VALUES(72,'ETE-67','Deepak Gudwani','functional',1.0);
INSERT INTO project_assignments VALUES(73,'ETE-67','Sangamesh Koti','technical',1.0);
INSERT INTO project_assignments VALUES(74,'ETE-14','Bettina Kotico','pm',1.0);
INSERT INTO project_assignments VALUES(75,'ETE-14','Audrey Debaere','ba',1.0);
INSERT INTO project_assignments VALUES(76,'ETE-14','Ajay Kumar','functional',1.0);
INSERT INTO project_assignments VALUES(77,'ETE-14','Sarath Yeturu','technical',1.0);
INSERT INTO project_assignments VALUES(78,'ETE-70','Emily Fridley','pm',1.0);
INSERT INTO project_assignments VALUES(79,'ETE-70','Ryan Picado','ba',1.0);
INSERT INTO project_assignments VALUES(80,'ETE-70','Ajay Kumar','functional',1.0);
INSERT INTO project_assignments VALUES(81,'ETE-70','Michael House','technical',1.0);
INSERT INTO project_assignments VALUES(82,'ETE-65','Brett Anderson','pm',1.0);
INSERT INTO project_assignments VALUES(83,'ETE-65','Jim Young','ba',1.0);
INSERT INTO project_assignments VALUES(84,'ETE-65','Deepak Gudwani','functional',1.0);
INSERT INTO project_assignments VALUES(85,'ETE-65','Jonathon Gonzalez','technical',1.0);
INSERT INTO project_assignments VALUES(86,'ETE-69','Emily Fridley','pm',1.0);
INSERT INTO project_assignments VALUES(87,'ETE-69','Audrey Debaere','ba',1.0);
INSERT INTO project_assignments VALUES(88,'ETE-69','Ajay Kumar','functional',1.0);
INSERT INTO project_assignments VALUES(89,'ETE-69','Ravindra Reddy','technical',1.0);
INSERT INTO project_assignments VALUES(90,'ETE-31','Brett Anderson','pm',1.0);
INSERT INTO project_assignments VALUES(91,'ETE-31','Audrey Debaere','ba',1.0);
INSERT INTO project_assignments VALUES(92,'ETE-31','Deepak Gudwani','functional',1.0);
INSERT INTO project_assignments VALUES(93,'ETE-31','Bhavya Reddy','technical',1.0);
INSERT INTO project_assignments VALUES(94,'ETE-45','Brett Anderson','pm',1.0);
INSERT INTO project_assignments VALUES(95,'ETE-45','Cristian Varelas','ba',1.0);
INSERT INTO project_assignments VALUES(96,'ETE-45','Deepak Gudwani','functional',1.0);
INSERT INTO project_assignments VALUES(97,'ETE-45','Sangamesh Koti','technical',1.0);
INSERT INTO project_assignments VALUES(98,'ETE-42','Bettina Kotico','pm',1.0);
INSERT INTO project_assignments VALUES(99,'ETE-42','Cristian Varelas','ba',1.0);
INSERT INTO project_assignments VALUES(100,'ETE-42','Deepak Gudwani','functional',1.0);
INSERT INTO project_assignments VALUES(101,'ETE-42','Vishnu Premen','technical',1.0);
INSERT INTO project_assignments VALUES(102,'ETE-72','Justin Senour','technical',1.0);
INSERT INTO project_assignments VALUES(103,'ETE-71','Michael House','technical',1.0);
INSERT INTO project_assignments VALUES(104,'ETE-87','Emily Fridley','pm',1.0);
INSERT INTO project_assignments VALUES(105,'ETE-87','Cristian Varelas','ba',1.0);
INSERT INTO project_assignments VALUES(106,'ETE-87','Ajay Kumar','functional',1.0);
INSERT INTO project_assignments VALUES(107,'ETE-87','Vishnu Premen','technical',1.0);
INSERT INTO project_assignments VALUES(108,'ETE-88','Brett Anderson','pm',1.0);
INSERT INTO project_assignments VALUES(109,'ETE-88','Audrey Debaere','ba',1.0);
INSERT INTO project_assignments VALUES(110,'ETE-88','Deepak Gudwani','functional',1.0);
INSERT INTO project_assignments VALUES(111,'ETE-88','Sangamesh Koti','technical',1.0);
INSERT INTO project_assignments VALUES(112,'ETE-73','Brett Anderson','pm',1.0);
INSERT INTO project_assignments VALUES(113,'ETE-73','Cristian Varelas','ba',1.0);
INSERT INTO project_assignments VALUES(114,'ETE-73','Deepak Gudwani','functional',1.0);
INSERT INTO project_assignments VALUES(115,'ETE-73','Sarath Yeturu','technical',1.0);
INSERT INTO project_assignments VALUES(116,'ETE-10','Emily Fridley','pm',1.0);
INSERT INTO project_assignments VALUES(117,'ETE-10','Audrey Debaere','ba',1.0);
INSERT INTO project_assignments VALUES(118,'ETE-10','Deepak Gudwani','functional',1.0);
INSERT INTO project_assignments VALUES(119,'ETE-10','Bhavya Reddy','technical',1.0);
INSERT INTO project_assignments VALUES(120,'ETE-10','Alex Young','developer',1.0);
INSERT INTO project_assignments VALUES(121,'ETE-32','Bettina Kotico','pm',1.0);
INSERT INTO project_assignments VALUES(122,'ETE-32','Audrey Debaere','ba',1.0);
INSERT INTO project_assignments VALUES(123,'ETE-32','Deepak Gudwani','functional',1.0);
INSERT INTO project_assignments VALUES(124,'ETE-32','Vishnu Premen','technical',1.0);
INSERT INTO project_assignments VALUES(125,'ETE-76','Emily Fridley','pm',1.0);
INSERT INTO project_assignments VALUES(126,'ETE-76','Audrey Debaere','ba',1.0);
INSERT INTO project_assignments VALUES(127,'ETE-76','Deepak Gudwani','functional',1.0);
INSERT INTO project_assignments VALUES(128,'ETE-76','Alex Young','technical',1.0);
INSERT INTO project_assignments VALUES(129,'ETE-76','Alex Young','developer',1.0);
CREATE TABLE rm_assumptions (
    key     TEXT PRIMARY KEY,
    value   REAL NOT NULL
);
INSERT INTO rm_assumptions VALUES('base_hours_per_week',40.0);
INSERT INTO rm_assumptions VALUES('admin_pct',0.1000000000000000055);
INSERT INTO rm_assumptions VALUES('breakfix_pct',0.1000000000000000055);
INSERT INTO rm_assumptions VALUES('project_pct',0.8000000000000000444);
INSERT INTO rm_assumptions VALUES('available_project_hrs',32.0);
INSERT INTO rm_assumptions VALUES('max_projects_per_person',3.0);
CREATE TABLE sdlc_phase_weights (
    phase   TEXT PRIMARY KEY,
    weight  REAL NOT NULL
);
INSERT INTO sdlc_phase_weights VALUES('discovery',0.1000000000000000055);
INSERT INTO sdlc_phase_weights VALUES('planning',0.1000000000000000055);
INSERT INTO sdlc_phase_weights VALUES('design',0.1499999999999999945);
INSERT INTO sdlc_phase_weights VALUES('build',0.2999999999999999889);
INSERT INTO sdlc_phase_weights VALUES('test',0.2000000000000000111);
INSERT INTO sdlc_phase_weights VALUES('deploy',0.1499999999999999945);
CREATE TABLE role_phase_efforts (
    role_key    TEXT NOT NULL,
    phase       TEXT NOT NULL,
    effort      REAL NOT NULL,
    PRIMARY KEY (role_key, phase)
);
INSERT INTO role_phase_efforts VALUES('pm','discovery',0.1000000000000000055);
INSERT INTO role_phase_efforts VALUES('pm','planning',0.25);
INSERT INTO role_phase_efforts VALUES('pm','design',0.1499999999999999945);
INSERT INTO role_phase_efforts VALUES('pm','build',0.2000000000000000111);
INSERT INTO role_phase_efforts VALUES('pm','test',0.2000000000000000111);
INSERT INTO role_phase_efforts VALUES('pm','deploy',0.1000000000000000055);
INSERT INTO role_phase_efforts VALUES('dba','discovery',0.05000000000000000277);
INSERT INTO role_phase_efforts VALUES('dba','planning',0.1000000000000000055);
INSERT INTO role_phase_efforts VALUES('dba','design',0.2999999999999999889);
INSERT INTO role_phase_efforts VALUES('dba','build',0.25);
INSERT INTO role_phase_efforts VALUES('dba','test',0.2000000000000000111);
INSERT INTO role_phase_efforts VALUES('dba','deploy',0.1000000000000000055);
INSERT INTO role_phase_efforts VALUES('ba','discovery',0.2999999999999999889);
INSERT INTO role_phase_efforts VALUES('ba','planning',0.2000000000000000111);
INSERT INTO role_phase_efforts VALUES('ba','design',0.2000000000000000111);
INSERT INTO role_phase_efforts VALUES('ba','build',0.1000000000000000055);
INSERT INTO role_phase_efforts VALUES('ba','test',0.1499999999999999945);
INSERT INTO role_phase_efforts VALUES('ba','deploy',0.05000000000000000277);
INSERT INTO role_phase_efforts VALUES('functional','discovery',0.2000000000000000111);
INSERT INTO role_phase_efforts VALUES('functional','planning',0.1000000000000000055);
INSERT INTO role_phase_efforts VALUES('functional','design',0.2999999999999999889);
INSERT INTO role_phase_efforts VALUES('functional','build',0.1499999999999999945);
INSERT INTO role_phase_efforts VALUES('functional','test',0.1499999999999999945);
INSERT INTO role_phase_efforts VALUES('functional','deploy',0.1000000000000000055);
INSERT INTO role_phase_efforts VALUES('technical','discovery',0.05000000000000000277);
INSERT INTO role_phase_efforts VALUES('technical','planning',0.1000000000000000055);
INSERT INTO role_phase_efforts VALUES('technical','design',0.2000000000000000111);
INSERT INTO role_phase_efforts VALUES('technical','build',0.4000000000000000222);
INSERT INTO role_phase_efforts VALUES('technical','test',0.1499999999999999945);
INSERT INTO role_phase_efforts VALUES('technical','deploy',0.1000000000000000055);
INSERT INTO role_phase_efforts VALUES('developer','discovery',0.0);
INSERT INTO role_phase_efforts VALUES('developer','planning',0.05000000000000000277);
INSERT INTO role_phase_efforts VALUES('developer','design',0.1000000000000000055);
INSERT INTO role_phase_efforts VALUES('developer','build',0.5);
INSERT INTO role_phase_efforts VALUES('developer','test',0.25);
INSERT INTO role_phase_efforts VALUES('developer','deploy',0.1000000000000000055);
INSERT INTO role_phase_efforts VALUES('infrastructure','discovery',0.05000000000000000277);
INSERT INTO role_phase_efforts VALUES('infrastructure','planning',0.1000000000000000055);
INSERT INTO role_phase_efforts VALUES('infrastructure','design',0.1499999999999999945);
INSERT INTO role_phase_efforts VALUES('infrastructure','build',0.2000000000000000111);
INSERT INTO role_phase_efforts VALUES('infrastructure','test',0.1499999999999999945);
INSERT INTO role_phase_efforts VALUES('infrastructure','deploy',0.3499999999999999778);
INSERT INTO role_phase_efforts VALUES('wms','discovery',0.1000000000000000055);
INSERT INTO role_phase_efforts VALUES('wms','planning',0.1499999999999999945);
INSERT INTO role_phase_efforts VALUES('wms','design',0.1000000000000000055);
INSERT INTO role_phase_efforts VALUES('wms','build',0.1000000000000000055);
INSERT INTO role_phase_efforts VALUES('wms','test',0.05000000000000000277);
INSERT INTO role_phase_efforts VALUES('wms','deploy',0.5);
INSERT INTO sqlite_sequence VALUES('project_assignments',129);
COMMIT;
